avion,da√±o recibido,cantidad de impactos,cantidad disparos,derribado,objetivo,cantidad de saltos
F15,162.88887371034753,1,15,True,False,97
F15,34.51598602324316,1,31,False,True,97
F15,123.75,1,17,True,False,107
A10,188.0429700466467,1,12,False,True,91
A10,120.82074430847433,1,66,False,True,106
F15,0.0,0,0,False,True,104
F15,0.0,0,14,False,True,84
F15,86.71272945896402,2,23,True,False,108
F15,199.25129815145627,2,7,True,False,87
F15,123.01665075755966,1,6,True,False,64
F15,67.33257942987547,2,16,True,False,37
A10,571.9492456743817,8,66,True,False,54
F15,64.65023840104061,1,10,True,False,103
F15,0.0,0,28,False,True,99
A10,406.7591197776036,3,106,False,True,98
F15,112.0983167298092,1,1,True,False,94
F15,0.0,0,4,False,True,109
F15,190.44688359503357,1,15,True,False,46
F15,159.03567899662005,1,3,True,False,74
A10,0.0,0,12,False,True,101
F15,0.0,0,0,False,True,131
A10,33.66628971493773,1,42,False,True,105
A10,490.8109203769598,6,48,True,False,49
A10,658.2912716286584,7,59,True,False,49
F15,33.66628971493773,1,6,False,True,117
A10,614.8753608586413,6,42,True,False,53
F15,66.77383815719261,2,13,True,False,56
A10,0.0,0,0,False,True,160
F15,115.78750494524982,2,19,True,False,68
F15,162.88887371034753,1,15,True,False,99
F15,0.0,0,0,False,True,85
A10,310.48900528803836,5,44,False,True,147
F15,190.44688359503357,1,20,True,False,87
F15,0.0,0,10,False,True,114
F15,0.0,0,38,False,True,135
A10,560.4701270471077,5,97,True,False,110
A10,64.65023840104061,1,30,False,True,94
F15,0.0,0,4,False,True,81
A10,123.01665075755966,1,36,False,True,108
F15,0.0,0,4,False,True,80
A10,550.2056180155569,4,35,True,False,13
A10,539.5463994560932,3,36,True,False,78
F15,171.43763135885206,1,5,True,False,72
A10,0.0,0,0,False,True,93
F15,150.62838824786002,1,19,True,False,117
F15,117.17458842983388,1,4,True,False,44
F15,69.03197204648632,2,20,True,False,98
F15,0.0,0,10,False,True,89
A10,0.0,0,0,False,True,89
A10,499.06015999638385,9,92,True,False,66
F15,0.0,0,4,False,True,119
A10,538.9748138036409,3,43,True,False,14
A10,187.59458246566695,3,72,False,True,102
A10,0.0,0,18,False,True,116
F15,0.0,0,0,False,True,100
A10,0.0,0,0,False,True,98
F15,221.70925976158443,2,15,True,False,112
F15,0.0,0,0,False,True,123
A10,357.3658276172274,3,66,False,True,107
F15,34.51598602324316,1,12,False,True,121
A10,519.903686676191,3,55,True,False,78
F15,102.582987620479,2,9,True,False,70
A10,0.0,0,0,False,True,113
F15,224.96286961827673,2,19,True,False,51
A10,188.0429700466467,1,12,False,True,123
F15,0.0,0,4,False,True,117
F15,188.0429700466467,1,4,True,False,106
A10,244.57074430847433,2,84,False,True,92
A10,0.0,0,0,False,True,102
A10,120.82074430847433,1,30,False,True,98
F15,88.3404793819443,2,11,True,False,64
F15,0.0,0,12,False,True,114
F15,243.15642585816286,3,27,True,False,85
F15,162.88887371034753,1,8,True,False,61
A10,30.30193133936592,1,54,False,True,86
A10,0.0,0,0,False,True,98
A10,117.17458842983388,1,36,False,True,104
F15,0.0,0,26,False,True,104
A10,0.0,0,12,False,True,94
F15,114.99502390112195,1,8,True,False,58
F15,188.0429700466467,1,16,True,False,92
A10,290.75997497926585,3,72,False,True,121
F15,178.50740648292174,1,21,True,False,127
F15,152.9119027852205,1,30,True,False,74
A10,69.03197204648632,2,42,False,True,99
F15,0.0,0,0,False,True,82
F15,65.10193133936593,2,18,True,False,69
F15,0.0,0,0,False,True,100
F15,120.82074430847433,1,16,True,False,78
F15,117.17458842983388,1,31,True,False,73
F15,120.82074430847433,1,4,True,False,100
A10,370.75178991706264,6,70,False,True,98
A10,556.4299546681029,4,37,True,False,133
F15,188.0429700466467,1,21,True,False,31
F15,123.01665075755966,1,31,True,False,76
F15,0.0,0,10,False,True,81
F15,0.0,0,4,False,True,96
A10,366.55037652956844,2,78,False,True,125
F15,120.82074430847433,1,7,True,False,54
A10,33.66628971493773,1,42,False,True,98
A10,0.0,0,0,False,True,93
A10,0.0,0,12,False,True,87
F15,0.0,0,16,False,True,103
F15,33.66628971493773,1,15,False,True,148
A10,152.74796658075755,5,43,False,True,86
A10,237.9953327383082,2,42,False,True,102
F15,178.50740648292174,1,11,True,False,102
F15,120.82074430847433,1,14,True,False,57
F15,67.38835367636182,2,11,True,False,86
A10,0.0,0,48,False,True,152
A10,507.3370346330516,4,116,True,False,138
F15,0.0,0,30,False,True,164
F15,221.55193133936592,2,19,True,False,31
F15,0.0,0,12,False,True,98
F15,120.82074430847433,1,8,True,False,56
A10,381.23377509636015,3,76,False,True,95
F15,34.51598602324316,1,24,False,True,118
F15,0.0,0,26,False,True,126
F15,117.17458842983388,1,10,True,False,33
F15,178.44205504046423,2,35,True,False,106
A10,120.82074430847433,1,30,False,True,96
F15,0.0,0,18,False,True,104
F15,188.0429700466467,1,22,True,False,93
A10,0.0,0,12,False,True,98
A10,0.0,0,0,False,True,108
F15,0.0,0,2,False,True,111
F15,117.17458842983388,1,13,True,False,29
A10,616.2689558411096,5,63,True,False,134
F15,0.0,0,16,False,True,86
F15,120.82074430847433,1,7,True,False,28
F15,197.40485973359068,2,17,True,False,95
F15,0.0,0,6,False,True,97
A10,492.2766170523446,3,14,True,False,120
A10,64.51570426789891,2,48,False,True,87
F15,0.0,0,16,False,True,141
A10,179.42744887715776,2,48,False,True,90
A10,629.7832227078037,10,98,True,False,141
A10,544.1226488067077,4,67,True,False,67
F15,0.0,0,0,False,True,97
A10,67.33257942987547,2,42,False,True,130
F15,178.50740648292174,1,12,True,False,15
F15,0.0,0,0,False,True,100
A10,400.89746456544367,3,47,False,True,100
F15,34.51598602324316,1,48,False,True,120
A10,0.0,0,0,False,True,102
F15,0.0,0,0,False,True,128
F15,123.01665075755966,1,17,True,False,69
A10,0.0,0,36,False,True,104
A10,499.6346536412425,7,78,True,False,90
F15,162.88887371034753,1,5,True,False,96
A10,0.0,0,0,False,True,85
F15,203.31893095507198,2,9,True,False,37
A10,150.99830306939492,4,72,False,True,108
F15,64.65023840104061,1,24,True,False,65
A10,488.1842568231026,3,46,True,False,107
A10,550.2056180155569,4,31,True,False,26
F15,188.0429700466467,1,3,True,False,92
A10,30.30193133936592,1,54,False,True,99
F15,0.0,0,0,False,True,84
A10,529.439250239916,3,38,True,False,13
A10,120.82074430847433,1,72,False,True,132
A10,157.81665075755967,2,90,False,True,105
F15,120.82074430847433,1,3,True,False,65
F15,0.0,0,0,False,True,88
F15,162.88887371034753,1,7,True,False,47
F15,70.75271205193363,2,17,True,False,82
A10,271.44913255633435,2,96,False,True,142
A10,235.8483167298092,2,42,False,True,99
F15,0.0,0,2,False,True,102
F15,208.80933782228766,2,23,True,False,100
F15,0.0,0,20,False,True,144
A10,69.03197204648632,2,36,False,True,105
F15,64.65023840104061,1,10,True,False,57
F15,0.0,0,12,False,True,102
A10,411.58883790011896,4,47,False,True,97
A10,635.987865329509,3,35,True,False,86
A10,0.0,0,12,False,True,103
F15,0.0,0,10,False,True,93
F15,255.20715535918055,1,21,True,False,89
F15,178.50740648292174,1,9,True,False,103
F15,243.15642585816286,3,12,True,False,26
A10,30.30193133936592,1,72,False,True,144
F15,64.65023840104061,1,9,True,False,92
A10,188.0429700466467,1,12,False,True,81
A10,617.5939716919188,6,34,True,False,66
F15,0.0,0,2,False,True,102
A10,0.0,0,30,False,True,100
F15,120.82074430847433,1,8,True,False,62
A10,522.136041753011,4,33,True,False,35
A10,529.439250239916,3,40,True,False,61
F15,0.0,0,4,False,True,132
A10,0.0,0,36,False,True,97
A10,220.30082218059616,2,48,False,True,114
F15,33.66628971493773,1,37,False,True,98
F15,216.61458531806522,1,13,True,False,37
A10,529.439250239916,3,37,True,False,60
A10,123.01665075755966,1,48,False,True,80
A10,246.27807940287386,5,72,False,True,119
A10,0.0,0,0,False,True,101
A10,524.7009695773335,4,55,True,False,100
F15,34.80000000000001,1,28,False,True,95
F15,162.88887371034753,1,26,True,False,86
A10,297.3554357294671,6,107,False,True,108
F15,0.0,0,10,False,True,104
A10,507.44251482395885,6,113,True,False,89
F15,0.0,0,4,False,True,114
F15,27.81366679260421,1,24,False,True,100
A10,63.968221054303655,2,42,False,True,127
F15,123.01665075755966,1,8,True,False,51
F15,178.50740648292174,1,10,True,False,135
F15,120.82074430847433,1,40,True,False,97
A10,0.0,0,0,False,True,98
F15,0.0,0,16,False,True,103
A10,525.5394570286112,8,48,True,False,69
F15,0.0,0,0,False,True,96
F15,224.96286961827673,2,27,True,False,72
A10,508.63079096251073,7,69,True,False,18
A10,0.0,0,36,False,True,104
A10,0.0,0,42,False,True,103
A10,0.0,0,42,False,True,102
F15,0.0,0,0,False,True,108
F15,0.0,0,12,False,True,110
F15,0.0,0,16,False,True,116
F15,0.0,0,0,False,True,116
F15,0.0,0,14,False,True,89
A10,578.6609183849357,9,90,True,False,101
A10,30.30193133936592,1,48,False,True,100
F15,0.0,0,2,False,True,90
F15,0.0,0,0,False,True,99
F15,34.51598602324316,1,12,False,True,117
A10,0.0,0,42,False,True,96
F15,114.99502390112195,1,6,True,False,104
F15,0.0,0,16,False,True,89
A10,112.8215962391962,2,54,False,True,121
A10,536.9401322989996,4,128,True,False,115
A10,0.0,0,0,False,True,124
A10,0.0,0,0,False,True,95
F15,0.0,0,6,False,True,98
F15,222.70473572898302,2,13,True,False,40
F15,0.0,0,24,False,True,103
F15,0.0,0,0,False,True,112
A10,0.0,0,12,False,True,82
F15,123.75,1,6,True,False,51
A10,545.0932563541948,5,102,True,False,147
A10,581.8016334853371,5,27,True,False,99
F15,0.0,0,18,False,True,100
F15,227.53601397546947,1,25,True,False,82
A10,0.0,0,36,False,True,95
F15,0.0,0,10,False,True,103
A10,670.9256897332409,8,37,True,False,73
A10,123.75,1,30,False,True,103
A10,443.07594765902,5,45,False,True,95
A10,102.13257942987548,3,72,False,True,113
F15,24.81152447215024,1,15,False,True,100
A10,0.0,0,30,False,True,119
F15,0.0,0,4,False,True,115
A10,499.7760257197232,7,51,True,False,18
F15,147.8281752297099,2,20,True,False,78
F15,112.0983167298092,1,1,True,False,102
F15,0.0,0,22,False,True,112
F15,0.0,0,0,False,True,96
F15,120.82074430847433,1,24,True,False,101
F15,0.0,0,4,False,True,117
A10,585.3512353028393,4,57,True,False,55
F15,120.82074430847433,1,1,True,False,107
A10,0.0,0,12,False,True,82
F15,60.071518926553665,2,22,True,False,51
A10,34.51598602324316,1,36,False,True,128
A10,246.03330151511932,2,36,False,True,122
A10,0.0,0,78,False,True,132
A10,0.0,0,0,False,True,91
A10,185.47098270951494,2,84,False,True,116
F15,0.0,0,4,False,True,99
F15,0.0,0,0,False,True,88
A10,90.07708783453583,2,78,False,True,115
F15,0.0,0,10,False,True,107
F15,120.82074430847433,1,4,True,False,29
A10,64.65023840104061,1,30,False,True,94
F15,68.46628971493774,2,20,True,False,92
F15,0.0,0,0,False,True,116
F15,0.0,0,26,False,True,101
A10,621.0672357783698,6,36,True,False,32
A10,520.6482014872266,7,38,True,False,36
F15,162.88887371034753,1,6,True,False,31
A10,245.8399859127972,3,82,False,True,99
F15,156.73335033784815,1,34,True,False,110
A10,554.9580949802952,5,46,True,False,84
F15,34.80000000000001,1,14,False,True,103
F15,64.65023840104061,1,9,True,False,68
A10,488.998133471932,6,50,True,False,24
A10,545.0577830124902,3,37,True,False,101
F15,0.0,0,0,False,True,96
F15,30.30193133936592,1,57,False,True,137
F15,0.0,0,4,False,True,93
F15,141.56307941925706,1,50,True,False,129
A10,628.7029946093104,6,82,True,False,82
A10,432.35520567575986,5,46,False,True,86
A10,0.0,0,0,False,True,99
A10,0.0,0,12,False,True,91
F15,110.14966465448526,2,15,True,False,99
F15,225.1293923836426,2,24,True,False,104
A10,313.03703402341205,4,72,False,True,136
A10,570.0670518520609,3,46,True,False,56
F15,81.15784374182809,2,22,True,False,79
F15,0.0,0,12,False,True,103
A10,123.75,1,66,False,True,103
F15,32.257852133949456,1,35,False,True,127
F15,0.0,0,12,False,True,89
F15,178.50740648292174,1,11,True,False,69
A10,656.3429637572395,4,63,True,False,91
F15,0.0,0,10,False,True,108
A10,0.0,0,0,False,True,122
A10,529.4281907166564,7,71,True,False,61
F15,222.70473572898302,2,15,True,False,49
A10,156.00785213394946,2,72,False,True,107
A10,704.1266164717189,3,95,True,False,95
F15,33.66628971493773,1,18,False,True,122
A10,99.16622442428377,2,108,False,True,118
F15,0.0,0,14,False,True,92
F15,0.0,0,12,False,True,97
F15,0.0,0,4,False,True,95
F15,162.88887371034753,1,8,True,False,32
F15,0.0,0,4,False,True,87
F15,0.0,0,4,False,True,84
A10,0.0,0,36,False,True,106
A10,222.8429700466467,2,54,False,True,120
A10,516.699577393746,6,58,True,False,89
F15,0.0,0,4,False,True,112
F15,0.0,0,0,False,True,83
F15,0.0,0,0,False,True,108
F15,0.0,0,16,False,True,85
F15,64.65023840104061,1,10,True,False,71
A10,507.4970806774484,7,70,True,False,93
A10,563.0445273226671,5,88,True,False,47
F15,62.32965281584737,2,24,True,False,40
A10,507.48326162649084,6,79,True,False,45
A10,506.6899859127973,6,62,True,False,27
A10,0.0,0,0,False,True,96
F15,162.88887371034753,1,8,True,False,58
F15,33.66628971493773,1,15,False,True,98
A10,520.2268632743051,8,45,True,False,71
F15,64.65023840104061,1,10,True,False,31
F15,30.30193133936592,1,26,False,True,101
A10,513.116206640758,4,28,True,False,87
F15,0.0,0,10,False,True,102
F15,216.31223618257005,2,21,True,False,50
F15,191.25,1,20,True,False,25
A10,649.1049549507676,6,44,True,False,46
F15,193.19080504971345,2,20,True,False,99
A10,544.1226488067077,4,39,True,False,92
F15,190.44688359503357,1,19,True,False,74
A10,233.6208622944379,3,46,False,True,98
A10,0.0,0,0,False,True,124
A10,123.01665075755966,1,36,False,True,108
A10,514.4414435044523,6,56,True,False,71
A10,494.71486229019484,4,70,True,False,82
F15,162.88887371034753,1,27,True,False,91
F15,0.0,0,0,False,True,109
A10,611.2978998143647,6,51,True,False,65
F15,0.0,0,6,False,True,120
A10,0.0,0,0,False,True,88
A10,494.48604040095194,8,98,True,False,68
A10,615.2932678099043,4,62,True,False,91
F15,120.82074430847433,1,7,True,False,58
F15,0.0,0,6,False,True,102
A10,32.257852133949456,1,42,False,True,106
F15,0.0,0,0,False,True,92
F15,178.50740648292174,1,24,True,False,93
F15,0.0,0,12,False,True,95
A10,466.1097360047855,6,104,False,True,99
A10,0.0,0,48,False,True,123
A10,376.0859400932934,2,46,False,True,94
F15,188.0429700466467,1,13,True,False,100
F15,0.0,0,0,False,True,110
A10,120.82074430847433,1,42,False,True,110
A10,0.0,0,42,False,True,112
A10,0.0,0,6,False,True,89
A10,501.65644441162635,6,54,True,False,42
F15,0.0,0,6,False,True,107
A10,96.84563883909053,3,36,False,True,108
A10,24.81152447215024,1,18,False,True,137
A10,458.40768281393156,6,45,False,True,93
A10,296.14383317803515,5,44,False,True,102
F15,66.77383815719261,2,16,True,False,65
A10,0.0,0,0,False,True,87
F15,33.66628971493773,1,25,False,True,92
A10,0.0,0,0,False,True,124
A10,357.3658276172274,3,36,False,True,96
F15,178.50740648292174,1,10,True,False,98
F15,0.0,0,16,False,True,85
A10,509.0051383406539,6,57,True,False,55
A10,535.5222194487652,3,63,True,False,108
F15,210.7652586168712,2,36,True,False,98
A10,188.4002384010406,2,30,False,True,119
F15,188.0429700466467,1,35,True,False,106
A10,366.55037652956844,2,46,False,True,87
F15,0.0,0,0,False,True,103
A10,0.0,0,18,False,True,103
F15,0.0,0,0,False,True,86
A10,240.19123918739353,2,48,False,True,121
F15,0.0,0,0,False,True,90
A10,609.7010428200917,4,26,True,False,38
A10,508.40391819269314,3,26,True,False,80
F15,0.0,0,0,False,True,89
F15,0.0,0,12,False,True,139
A10,0.0,0,0,False,True,91
F15,0.0,0,0,False,True,110
F15,138.56529334420281,1,26,True,False,125
A10,536.2175849852973,4,29,True,False,74
F15,0.0,0,40,False,True,90
A10,117.17458842983388,1,102,False,True,88
F15,0.0,0,12,False,True,102
F15,0.0,0,10,False,True,121
F15,0.0,0,16,False,True,92
F15,234.91820460251984,2,23,True,False,100
A10,188.0429700466467,1,48,False,True,106
A10,0.0,0,0,False,True,99
A10,241.64148861694866,2,72,False,True,103
A10,564.1289101399401,3,40,True,False,99
F15,0.0,0,26,False,True,150
A10,112.0983167298092,1,48,False,True,108
F15,204.22592567701975,1,9,True,False,79
F15,60.071518926553665,2,8,True,False,81
F15,216.31223618257005,2,35,True,False,67
A10,117.17458842983388,1,36,False,True,88
A10,30.30193133936592,1,42,False,True,107
A10,188.0429700466467,1,12,False,True,92
F15,0.0,0,4,False,True,80
A10,0.0,0,12,False,True,93
A10,0.0,0,36,False,True,118
A10,313.2283395891591,5,45,False,True,98
A10,117.17458842983388,1,36,False,True,86
A10,578.249551608557,3,79,True,False,86
F15,0.0,0,0,False,True,109
F15,112.0983167298092,1,13,True,False,124
F15,204.22592567701975,1,21,True,False,94
A10,601.5662325877147,5,41,True,False,51
F15,120.82074430847433,1,16,True,False,102
A10,187.66688915860027,2,78,False,True,93
A10,524.9377053443278,7,128,True,False,129
F15,184.0543840486206,1,11,True,False,65
F15,215.59382881991763,2,24,True,False,75
A10,0.0,0,0,False,True,176
A10,0.0,0,0,False,True,89
A10,0.0,0,0,False,True,81
A10,148.63441110107854,2,66,False,True,128
A10,0.0,0,0,False,True,87
A10,120.82074430847433,1,12,False,True,110
A10,368.32074430847433,3,30,False,True,119
A10,595.1737330413016,5,32,True,False,65
F15,117.17458842983388,1,9,True,False,69
A10,400.08523285448524,4,120,False,True,84
F15,0.0,0,0,False,True,153
F15,171.43763135885206,1,5,True,False,51
F15,120.82074430847433,1,3,True,False,37
A10,0.0,0,18,False,True,122
F15,0.0,0,16,False,True,122
A10,489.8781896190616,3,66,True,False,86
A10,120.82074430847433,1,30,False,True,102
F15,0.0,0,12,False,True,121
F15,0.0,0,4,False,True,102
A10,250.12122111055555,3,30,False,True,98
F15,0.0,0,20,False,True,126
A10,504.8135206228141,7,71,True,False,103
F15,0.0,0,6,False,True,117
A10,150.8408781447716,2,54,False,True,82
F15,0.0,0,48,False,True,110
A10,0.0,0,6,False,True,112
F15,162.88887371034753,1,5,True,False,98
A10,440.05416114759703,4,46,False,True,101
A10,64.65023840104061,1,36,False,True,111
A10,0.0,0,6,False,True,94
F15,0.0,0,0,False,True,107
F15,0.0,0,10,False,True,122
A10,508.40391819269314,3,24,True,False,28
F15,187.70039818249776,2,31,True,False,146
F15,33.66628971493773,1,39,False,True,111
F15,62.32965281584737,2,36,True,False,57
F15,66.77383815719261,2,12,True,False,30
F15,34.51598602324316,1,24,False,True,126
F15,0.0,0,26,False,True,88
F15,0.0,0,0,False,True,92
A10,244.57074430847433,2,36,False,True,99
A10,586.8473845721624,4,39,True,False,51
F15,188.0429700466467,1,40,True,False,82
A10,0.0,0,0,False,True,102
A10,560.3337439209155,4,29,True,False,68
F15,123.75,1,6,True,False,75
A10,0.0,0,48,False,True,89
A10,666.2614895698156,6,59,True,False,63
A10,629.6867988665643,5,61,True,False,62
A10,123.01665075755966,1,36,False,True,92
F15,0.0,0,14,False,True,94
F15,0.0,0,12,False,True,114
F15,0.0,0,12,False,True,99
A10,123.01665075755966,1,36,False,True,95
A10,613.0711607633032,5,45,True,False,88
A10,546.7569635536112,3,74,True,False,78
A10,117.17458842983388,1,48,False,True,122
F15,204.22592567701975,1,11,True,False,100
A10,547.4870071822795,4,43,True,False,25
F15,184.0543840486206,1,9,True,False,82
F15,0.0,0,0,False,True,86
F15,0.0,0,0,False,True,100
A10,0.0,0,6,False,True,87
A10,499.3034468387395,4,58,True,False,86
F15,120.82074430847433,1,7,True,False,101
A10,0.0,0,36,False,True,120
F15,0.0,0,40,False,True,97
F15,117.17458842983388,1,4,True,False,44
F15,0.0,0,0,False,True,98
A10,0.0,0,12,False,True,95
A10,308.86371435512103,2,42,False,True,102
A10,0.0,0,18,False,True,129
F15,0.0,0,10,False,True,116
A10,0.0,0,18,False,True,89
F15,0.0,0,0,False,True,106
F15,205.4981109111087,2,11,True,False,35
F15,0.0,0,4,False,True,100
F15,162.88887371034753,1,5,True,False,36
A10,588.9356587226773,5,72,True,False,129
A10,0.0,0,42,False,True,98
A10,34.80000000000001,1,72,False,True,95
A10,366.55037652956844,2,46,False,True,102
A10,0.0,0,0,False,True,112
A10,561.3505297601886,8,62,True,False,41
A10,496.0694960515368,7,41,True,False,42
F15,0.0,0,0,False,True,132
F15,0.0,0,26,False,True,102
A10,0.0,0,0,False,True,96
F15,191.25,1,19,True,False,32
F15,184.0543840486206,1,21,True,False,83
A10,577.8285975659007,4,68,True,False,94
A10,519.7512550744509,7,80,True,False,39
A10,117.17458842983388,1,36,False,True,97
A10,0.0,0,48,False,True,86
F15,34.80000000000001,1,14,False,True,131
F15,27.81366679260421,1,31,False,True,98
A10,400.89746456544367,3,82,False,True,87
F15,0.0,0,4,False,True,118
A10,575.2555173940304,4,52,True,False,69
F15,0.0,0,12,False,True,83
F15,0.0,0,0,False,True,88
F15,188.0429700466467,1,3,True,False,95
A10,0.0,0,60,False,True,90
F15,0.0,0,16,False,True,82
A10,64.65023840104061,1,30,False,True,86
F15,30.30193133936592,1,30,False,True,123
F15,191.25,1,17,True,False,64
F15,63.968221054303655,2,26,True,False,97
F15,188.0429700466467,1,15,True,False,13
A10,0.0,0,0,False,True,96
A10,32.257852133949456,1,66,False,True,110
A10,390.81962743525355,3,102,False,True,140
A10,376.0859400932934,2,12,False,True,106
A10,123.01665075755966,1,48,False,True,81
A10,123.01665075755966,1,36,False,True,94
A10,0.0,0,0,False,True,112
A10,0.0,0,0,False,True,95
F15,33.66628971493773,1,38,False,True,91
F15,120.82074430847433,1,20,True,False,65
A10,576.305885888478,4,91,True,False,135
A10,615.8104950644238,5,39,True,False,16
A10,673.7649307732966,4,64,True,False,98
F15,245.3356058141996,3,13,True,False,103
F15,188.0429700466467,1,15,True,False,34
F15,120.82074430847433,1,4,True,False,50
F15,184.0543840486206,1,9,True,False,35
F15,34.51598602324316,1,18,False,True,121
F15,171.43763135885206,1,5,True,False,69
A10,65.10193133936593,2,60,False,True,131
A10,507.3707842337347,6,52,True,False,62
F15,0.0,0,0,False,True,81
A10,123.01665075755966,1,36,False,True,91
A10,33.66628971493773,1,42,False,True,102
A10,569.2767451430068,4,45,True,False,26
F15,92.1441039020257,3,16,True,False,86
F15,117.17458842983388,1,14,True,False,82
A10,548.8343376750659,4,30,True,False,54
A10,0.0,0,30,False,True,85
A10,0.0,0,12,False,True,94
A10,0.0,0,12,False,True,91
F15,0.0,0,0,False,True,80
F15,0.0,0,0,False,True,121
A10,0.0,0,36,False,True,110
F15,114.99502390112195,1,6,True,False,85
F15,0.0,0,28,False,True,108
A10,0.0,0,6,False,True,103
A10,0.0,0,6,False,True,97
F15,37.086422336995895,1,16,False,True,135
A10,604.1324783747871,5,46,True,False,86
F15,0.0,0,0,False,True,107
A10,127.93644210860731,4,90,False,True,82
F15,120.82074430847433,1,7,True,False,90
A10,337.4459605380663,6,99,False,True,116
A10,156.6829404724974,2,90,False,True,104
A10,390.68110268078124,3,46,False,True,89
F15,120.82074430847433,1,2,True,False,96
F15,0.0,0,0,False,True,130
A10,131.35657473066547,4,81,False,True,100
A10,221.70925976158443,2,90,False,True,90
F15,32.257852133949456,1,24,False,True,124
A10,234.34917685966775,2,36,False,True,129
A10,300.1412867764559,2,48,False,True,83
A10,120.82074430847433,1,78,False,True,103
A10,0.0,0,0,False,True,83
F15,189.8795781385345,2,5,True,False,95
A10,278.2370340234121,3,72,False,True,99
A10,0.0,0,0,False,True,80
A10,431.50428422463426,4,66,False,True,100
A10,246.4750652319151,3,78,False,True,107
A10,573.1022324701913,5,95,True,False,147
F15,162.88887371034753,1,5,True,False,103
F15,120.82074430847433,1,8,True,False,41
F15,190.44688359503357,1,25,True,False,88
F15,65.10193133936593,2,26,True,False,70
A10,546.7569635536112,3,36,True,False,99
F15,0.0,0,0,False,True,107
A10,490.0150060666334,6,72,True,False,99
A10,179.42744887715776,2,36,False,True,89
A10,0.0,0,42,False,True,94
F15,0.0,0,2,False,True,86
F15,141.56307941925706,1,4,True,False,83
F15,64.65023840104061,1,11,True,False,67
F15,162.88887371034753,1,19,True,False,90
F15,0.0,0,10,False,True,120
A10,186.98487181186331,3,78,False,True,79
F15,63.968221054303655,2,48,True,False,136
A10,193.95071520312183,3,30,False,True,84
F15,0.0,0,0,False,True,104
A10,0.0,0,36,False,True,98
F15,188.0429700466467,1,15,True,False,85
A10,0.0,0,36,False,True,85
A10,0.0,0,30,False,True,93
A10,591.9288746967735,5,46,True,False,39
F15,60.071518926553665,2,15,True,False,67
F15,184.0543840486206,1,11,True,False,29
A10,643.373092102669,6,45,True,False,30
F15,162.88887371034753,1,46,True,False,117
F15,0.0,0,4,False,True,98
A10,529.439250239916,3,48,True,False,31
F15,152.9119027852205,1,16,True,False,67
A10,507.73912427381345,6,43,True,False,94
A10,539.6842621588931,4,32,True,False,102
A10,504.8429881955534,4,108,True,False,107
F15,162.88887371034753,1,20,True,False,103
A10,0.0,0,0,False,True,95
A10,308.8082489303568,6,81,False,True,94
F15,218.34490138601262,2,13,True,False,86
A10,528.7453273245969,4,69,True,False,122
A10,32.257852133949456,1,48,False,True,101
A10,485.2894815312393,7,88,False,True,99
F15,205.4981109111087,2,11,True,False,120
F15,33.66628971493773,1,6,False,True,105
A10,600.2825735529118,4,12,True,False,123
A10,0.0,0,12,False,True,106
A10,0.0,0,12,False,True,101
A10,0.0,0,0,False,True,98
A10,307.73793272194337,5,45,False,True,101
F15,0.0,0,26,False,True,97
A10,0.0,0,36,False,True,94
F15,123.01665075755966,1,8,True,False,47
A10,376.0859400932934,2,12,False,True,111
F15,0.0,0,12,False,True,97
F15,32.257852133949456,1,12,False,True,103
A10,0.0,0,30,False,True,101
F15,0.0,0,16,False,True,102
F15,190.44688359503357,1,13,True,False,81
F15,0.0,0,0,False,True,118
F15,0.0,0,4,False,True,125
A10,0.0,0,0,False,True,128
F15,175.35676881654376,1,5,True,False,85
A10,188.0429700466467,1,12,False,True,95
F15,0.0,0,12,False,True,140
A10,33.66628971493773,1,48,False,True,93
A10,569.677031929911,4,142,True,False,112
F15,66.77383815719261,2,14,True,False,112
F15,188.0429700466467,1,22,True,False,52
A10,0.0,0,36,False,True,111
A10,64.65023840104061,1,12,False,True,91
F15,99.16622442428377,2,28,True,False,99
F15,0.0,0,10,False,True,105
F15,34.80000000000001,1,14,False,True,112
F15,0.0,0,0,False,True,84
A10,64.51570426789891,2,48,False,True,96
F15,123.75,1,6,True,False,17
F15,0.0,0,12,False,True,86
A10,188.0429700466467,1,12,False,True,126
A10,591.6797689132111,4,41,True,False,98
F15,117.17458842983388,1,4,True,False,51
F15,123.75,1,5,True,False,88
A10,120.82074430847433,1,30,False,True,93
A10,0.0,0,0,False,True,108
F15,34.80000000000001,1,30,False,True,85
F15,0.0,0,26,False,True,91
F15,0.0,0,10,False,True,89
A10,625.1887302059303,5,47,True,False,53
F15,203.31893095507198,2,9,True,False,97
A10,0.0,0,36,False,True,97
F15,0.0,0,0,False,True,96
F15,0.0,0,0,False,True,97
A10,627.9398027720252,5,47,True,False,36
F15,0.0,0,12,False,True,117
A10,505.0932067577106,4,136,True,False,157
F15,0.0,0,16,False,True,103
A10,687.5409013882938,6,80,True,False,81
A10,239.03327311765875,6,127,False,True,94
F15,0.0,0,24,False,True,106
A10,646.2375501918734,7,52,True,False,59
A10,504.95317100032287,7,44,True,False,14
A10,512.4091731731169,7,35,True,False,48
F15,0.0,0,0,False,True,127
F15,0.0,0,0,False,True,121
F15,188.0429700466467,1,16,True,False,35
F15,30.30193133936592,1,25,False,True,133
A10,240.19123918739353,2,72,False,True,120
F15,117.17458842983388,1,20,True,False,90
F15,212.85449451879694,2,25,True,False,152
A10,606.1500648112979,5,53,True,False,58
F15,0.0,0,2,False,True,87
F15,30.30193133936592,1,15,False,True,104
F15,0.0,0,2,False,True,87
F15,0.0,0,0,False,True,101
F15,218.34490138601262,2,13,True,False,85
F15,0.0,0,6,False,True,133
F15,178.50740648292174,1,30,True,False,88
A10,598.3213742431865,5,44,True,False,105
F15,0.0,0,6,False,True,134
A10,639.1559878066847,6,87,True,False,91
A10,33.66628971493773,1,54,False,True,112
A10,99.16622442428377,2,48,False,True,91
F15,0.0,0,20,False,True,149
A10,0.0,0,0,False,True,102
F15,120.82074430847433,1,3,True,False,52
A10,528.2440081096232,4,96,True,False,89
A10,544.7012065664875,5,76,True,False,81
A10,0.0,0,0,False,True,126
A10,489.78958417903743,6,58,True,False,91
A10,120.82074430847433,1,12,False,True,91
A10,506.9782633765372,7,57,True,False,76
F15,64.51570426789891,2,4,True,False,47
F15,221.70925976158443,2,23,True,False,48
F15,0.0,0,2,False,True,84
F15,0.0,0,42,False,True,119
A10,32.257852133949456,1,72,False,True,94
A10,123.75,1,48,False,True,127
A10,0.0,0,0,False,True,103
F15,0.0,0,6,False,True,105
F15,168.5091148494073,2,14,True,False,133
F15,83.52965281130037,1,5,True,False,59
F15,64.65023840104061,1,1,True,False,40
F15,58.47781418708797,2,16,False,True,113
A10,0.0,0,30,False,True,107
F15,49.62304894430048,2,28,False,True,101
A10,0.0,0,0,False,True,106
F15,30.30193133936592,1,27,False,True,95
A10,506.7418195270978,8,42,True,False,75
A10,489.0396917218578,6,39,True,False,71
F15,114.99502390112195,1,6,True,False,80
A10,0.0,0,0,False,True,100
F15,60.60386267873184,2,10,True,False,92
F15,152.9119027852205,1,4,True,False,68
A10,0.0,0,36,False,True,130
F15,0.0,0,4,False,True,100
A10,321.736426020125,5,105,False,True,141
F15,0.0,0,10,False,True,121
F15,24.81152447215024,1,14,False,True,98
F15,0.0,0,4,False,True,107
A10,559.6710225628241,4,36,True,False,77
F15,120.82074430847433,1,8,True,False,35
F15,171.43763135885206,1,6,True,False,69
A10,507.0221681515901,4,72,True,False,86
F15,0.0,0,32,False,True,83
F15,63.968221054303655,2,42,True,False,129
F15,0.0,0,10,False,True,97
F15,0.0,0,12,False,True,110
A10,564.1289101399401,3,9,True,False,93
A10,0.0,0,0,False,True,94
A10,363.2078899449532,3,48,False,True,122
A10,597.6378714326593,4,61,True,False,91
F15,191.25,1,33,True,False,101
A10,0.0,0,0,False,True,93
A10,0.0,0,60,False,True,92
A10,252.6932084476873,2,78,False,True,81
A10,637.421214619553,4,21,True,False,81
A10,0.0,0,0,False,True,112
F15,0.0,0,10,False,True,127
A10,309.22098270951494,3,48,False,True,119
F15,0.0,0,12,False,True,111
A10,0.0,0,12,False,True,99
F15,0.0,0,14,False,True,140
F15,171.865010758623,2,47,True,False,129
A10,501.61279427026193,6,80,True,False,53
A10,471.7014164560178,7,96,False,True,94
F15,0.0,0,4,False,True,112
A10,0.0,0,30,False,True,104
A10,635.987865329509,3,35,True,False,83
A10,226.85709476465118,3,47,False,True,104
F15,0.0,0,10,False,True,90
A10,275.1165321190631,5,70,False,True,126
F15,178.50740648292174,1,10,True,False,16
A10,445.927031929911,3,72,False,True,131
F15,0.0,0,26,False,True,105
A10,173.58538654943197,2,42,False,True,100
F15,204.22592567701975,1,9,True,False,90
F15,215.59382881991763,2,12,True,False,73
A10,562.7629162392893,8,99,True,False,100
A10,499.8359400932934,3,77,True,False,110
F15,152.9119027852205,1,4,True,False,48
A10,0.0,0,0,False,True,80
F15,138.56529334420281,1,6,True,False,108
F15,114.99502390112195,1,6,True,False,88
A10,0.0,0,6,False,True,124
A10,381.82633743799374,3,46,False,True,101
F15,203.69548349280151,2,7,True,False,40
A10,386.2291784976867,8,85,False,True,134
F15,0.0,0,4,False,True,93
F15,0.0,0,14,False,True,95
F15,114.08412712975868,2,21,True,False,93
F15,0.0,0,0,False,True,83
A10,507.6776956130951,6,83,True,False,105
A10,629.1266445214803,5,57,True,False,67
A10,616.1295401383608,4,41,True,False,101
A10,464.853947354773,5,89,False,True,125
F15,171.43763135885206,1,8,True,False,100
A10,0.0,0,0,False,True,108
F15,64.51570426789891,2,4,True,False,40
A10,529.3235806750367,5,102,True,False,129
A10,0.0,0,0,False,True,82
A10,455.87073377360275,5,118,False,True,88
A10,616.1295401383608,4,45,True,False,102
F15,123.01665075755966,1,5,True,False,55
A10,628.7661912502069,5,41,True,False,40
A10,0.0,0,0,False,True,116
F15,188.0429700466467,1,16,True,False,130
F15,0.0,0,14,False,True,112
A10,617.9287614174517,5,63,True,False,88
A10,33.66628971493773,1,54,False,True,117
A10,490.60404582359365,4,75,True,False,111
A10,0.0,0,36,False,True,93
F15,99.16622442428377,2,14,True,False,121
F15,0.0,0,18,False,True,134
F15,0.0,0,16,False,True,116
A10,296.60203730699163,3,54,False,True,108
A10,123.75,1,72,False,True,129
A10,0.0,0,0,False,True,112
F15,0.0,0,46,False,True,125
A10,0.0,0,0,False,True,131
F15,188.0429700466467,1,25,True,False,89
F15,0.0,0,16,False,True,105
A10,493.1740573789772,6,58,True,False,78
F15,30.30193133936592,1,25,False,True,91
A10,631.7601185348553,5,53,True,False,55
A10,0.0,0,12,False,True,115
F15,215.59382881991763,2,9,True,False,61
F15,184.0543840486206,1,24,True,False,73
A10,665.9281557348975,6,55,True,False,31
F15,188.0429700466467,1,14,True,False,101
F15,152.9119027852205,1,4,True,False,67
A10,0.0,0,12,False,True,106
F15,120.82074430847433,1,2,True,False,103
F15,0.0,0,0,False,True,104
A10,0.0,0,30,False,True,100
F15,0.0,0,0,False,True,92
F15,33.66628971493773,1,48,False,True,129
A10,0.0,0,0,False,True,105
A10,214.80909919907526,4,114,False,True,113
A10,647.246136688852,6,67,True,False,58
A10,544.7152111483413,4,33,True,False,54
F15,175.35676881654376,1,5,True,False,98
F15,0.0,0,0,False,True,107
A10,0.0,0,12,False,True,101
F15,89.91345581151617,3,18,True,False,29
A10,120.82074430847433,1,6,False,True,107
A10,0.0,0,0,False,True,111
F15,0.0,0,0,False,True,98
A10,0.0,0,0,False,True,81
F15,0.0,0,12,False,True,105
A10,176.6140209977081,3,48,False,True,95
A10,618.8997940873073,6,37,True,False,98
A10,0.0,0,42,False,True,109
A10,0.0,0,0,False,True,90
A10,123.75,1,30,False,True,89
F15,0.0,0,0,False,True,109
F15,218.34490138601262,2,27,True,False,72
F15,0.0,0,26,False,True,86
F15,0.0,0,12,False,True,108
A10,120.82074430847433,1,30,False,True,121
F15,0.0,0,10,False,True,105
A10,425.0281907166564,4,76,False,True,113
A10,0.0,0,0,False,True,115
F15,162.88887371034753,1,7,True,False,51
F15,32.257852133949456,1,12,False,True,128
A10,188.0429700466467,1,12,False,True,106
F15,0.0,0,2,False,True,93
F15,204.22592567701975,1,9,True,False,101
F15,0.0,0,2,False,True,85
F15,0.0,0,10,False,True,100
F15,34.51598602324316,1,22,False,True,98
F15,0.0,0,16,False,True,96
F15,93.22745140227298,2,22,True,False,59
F15,120.82074430847433,1,8,True,False,62
A10,612.7285888991541,6,39,True,False,64
A10,0.0,0,36,False,True,111
A10,496.7015103849474,6,52,True,False,71
A10,250.12122111055555,3,36,False,True,84
A10,657.9522937116351,7,49,True,False,26
F15,178.50740648292174,1,10,True,False,37
A10,540.6617703266426,4,30,True,False,70
A10,497.2122590702811,6,68,True,False,40
A10,120.82074430847433,1,12,False,True,81
A10,0.0,0,12,False,True,110
F15,0.0,0,16,False,True,90
A10,208.93881089783807,5,105,False,True,125
A10,224.1966334596184,2,12,False,True,127
A10,0.0,0,0,False,True,124
F15,0.0,0,0,False,True,110
F15,0.0,0,0,False,True,97
A10,0.0,0,18,False,True,93
F15,0.0,0,14,False,True,100
F15,123.75,1,6,True,False,72
F15,162.88887371034753,1,6,True,False,17
A10,34.51598602324316,1,102,False,True,123
F15,178.50740648292174,1,9,True,False,99
A10,234.34917685966775,2,36,False,True,87
A10,188.4002384010406,2,30,False,True,100
A10,0.0,0,12,False,True,103
F15,0.0,0,4,False,True,107
A10,188.0429700466467,1,12,False,True,108
F15,221.70925976158443,2,28,True,False,72
F15,0.0,0,4,False,True,87
A10,0.0,0,12,False,True,100
A10,0.0,0,12,False,True,94
A10,0.0,0,36,False,True,89
F15,34.80000000000001,1,40,False,True,109
F15,184.0543840486206,1,10,True,False,66
F15,224.91628971493773,2,17,True,False,33
F15,0.0,0,4,False,True,111
A10,87.37130794546562,3,84,False,True,128
A10,516.6822324209397,4,114,True,False,115
A10,240.92458842983388,2,66,False,True,132
A10,0.0,0,0,False,True,88
F15,0.0,0,12,False,True,105
F15,0.0,0,16,False,True,103
F15,123.01665075755966,1,6,True,False,81
F15,0.0,0,18,False,True,111
F15,0.0,0,18,False,True,94
F15,171.43763135885206,1,15,True,False,41
F15,171.43763135885206,1,8,True,False,33
A10,554.5933465762151,3,43,True,False,80
F15,65.10193133936593,2,8,True,False,64
F15,0.0,0,18,False,True,121
A10,146.61430275305236,2,48,False,True,98
F15,188.0429700466467,1,3,True,False,123
F15,175.35676881654376,1,7,True,False,101
F15,0.0,0,22,False,True,106
F15,0.0,0,14,False,True,102
A10,415.4926271529315,4,46,False,True,103
A10,376.0859400932934,2,12,False,True,97
A10,421.8896474106616,6,81,False,True,126
F15,0.0,0,16,False,True,93
A10,56.4107981195981,1,36,False,True,99
A10,495.7871655029246,3,20,True,False,86
A10,0.0,0,12,False,True,105
F15,117.17458842983388,1,14,True,False,84
A10,554.5933465762151,3,46,True,False,122
A10,311.7929700466467,2,78,False,True,105
A10,587.0011656928783,5,30,True,False,90
F15,0.0,0,30,False,True,108
A10,618.5615676305188,5,46,True,False,71
A10,0.0,0,0,False,True,142
A10,585.8722111915428,10,94,True,False,73
F15,0.0,0,4,False,True,84
A10,0.0,0,0,False,True,113
F15,32.257852133949456,1,12,False,True,132
A10,188.4002384010406,2,30,False,True,151
A10,624.0476290903741,7,70,True,False,103
F15,0.0,0,14,False,True,112
A10,0.0,0,0,False,True,123
F15,0.0,0,26,False,True,128
A10,628.8696882665138,7,83,True,False,85
A10,538.5206214080873,4,75,True,False,105
A10,564.1289101399401,3,42,True,False,110
F15,0.0,0,58,False,True,121
A10,464.1848872988098,5,46,False,True,88
F15,117.17458842983388,1,31,True,False,69
A10,631.1468327253785,5,54,True,False,109
A10,652.910648925134,8,120,True,False,71
A10,406.4982251243624,5,105,False,True,146
A10,0.0,0,0,False,True,100
F15,188.0429700466467,1,3,True,False,99
F15,0.0,0,2,False,True,111
F15,152.9119027852205,1,14,True,False,84
A10,0.0,0,60,False,True,112
A10,64.65023840104061,1,42,False,True,96
F15,0.0,0,0,False,True,100
A10,0.0,0,0,False,True,126
A10,437.48217381046527,5,77,False,True,81
A10,0.0,0,6,False,True,106
A10,609.0260040667938,5,59,True,False,64
